GameID,Title,Max Players,Review Score,Sales,Price,Category,Year
1,Super Mario 64 DS,1,85,4.69,24.95,E,2004
2,Lumines: Puzzle Fusion,1,89,0.56,14.95,E,2004
3,WarioWare Touched!,2,81,0.54,22.95,E,2004
4,Hot Shots Golf: Open Tee,1,81,0.49,12.95,E,2004
5,Spider-Man 2,1,61,0.45,14.95,E,2004
6,The Urbz: Sims in the City,1,67,0.41,12.95,M,2004
7,Ridge Racer,1,88,0.36,19.95,E,2004
8,Metal Gear Ac!d,1,75,0.34,17.95,E,2004
9,Madden NFL 2005,1,68,0.25,8.95,T,2004
10,Pokmon Dash,1,46,0.22,24.95,T,2004
11,Dynasty Warriors,1,62,,14.95,E,2004
12,Feel the Magic XY/XX,1,75,0.16,8.95,T,2004
13,Ridge Racer DS,1,63,0.15,9.95,E,2004
14,Darkstalkers Chronicle: The Chaos Tower,1,74,0.14,14.95,E,2004
15,Ape Escape Academy,4,51,0.13,14.95,E,2004
16,Polarium,1,73,0.12,8.95,E,2004
17,Asphalt: Urban GT,1,60,0.11,14.95,E,2004
18,Zoo Keeper,1,74,0.1,14.95,T,2004
19,Mr. DRILLER: Drill Spirits,1,72,0.09,14.95,T,2004
20,Sprung,1,48,0.06,8.95,E,2004
21,Armored Core: Formula Front - Extreme Battle,1,66,0.05,16.95,E,2004
22,Puyo Pop Fever,1,76,0.04,19.95,E,2004
23,Mario Kart DS,1,91,9.99,29.95,E,2005
24,Nintendogs,1,83,9.72,26.95,E,2005
25,Brain Age: Train Your Brain in Minutes a Day!,1,77,5.07,17.95,M,2005
26,Brain Agey: More Training in Minutes a Day!,1,77,3.65,17.95,E,2005
27,Grand Theft Auto: Liberty City Stories,1,88,2.97,17.95,E,2005
28,Animal Crossing: Wild World,1,86,2.6,24.95,T,2005
29,Big Brain Academy,1,74,1.77,16.95,E,2005
30,Call of Duty 2,4,89,1.69,17.95,E,2005
31,Midnight Club 3: DUB Edition,1,74,1.69,14.95,T,2005
32,Need for Speed: Most Wanted 5-1-0,1,72,1.67,14.95,M,2005
33,Pokmon Mystery Dungeon: Blue Rescue Team,1,62,1.22,14.95,T,2005
34,Sonic Rush,1,82,1.2,14.95,E,2005
35,Star Wars: Battlefront II,1,69,1.09,16.95,E,2005
36,SOCOM: U.S. Navy SEALs - Fireteam Bravo,1,82,1.07,14.95,E,2005
37,Need for Speed: Most Wanted,2,83,0.95,17.95,E,2005
38,Zoo Tycoon DS,1,44,0.92,12.95,T,2005
39,The Sims 2,1,70,0.83,17.95,M,2005
40,Mario & Luigi: Partners in Time,1,86,0.75,29.95,E,2005
41,Madden NFL 06,1,75,0.75,7.95,E,2005
42,Need for Speed Underground: Rivals,4,74,0.73,17.95,E,2005
43,Twisted Metal: Head-On,1,79,0.73,14.95,E,2005
44,Perfect Dark Zero,4,79,0.7,17.95,E,2005
45,Super Monkey Ball: Touch & Roll,1,63,0.7,15.95,T,2005
46,Super Princess Peach,1,75,0.7,29.95,T,2005
47,Burnout Legends,1,86,0.68,14.95,T,2005
48,Madden NFL 06,2,74,0.62,4.95,E,2005
49,Clubhouse Games,1,83,0.61,17.95,E,2005
50,ATV Offroad Fury: Blazin' Trails,4,63,0.56,12.95,T,2005
51,Untold Legends: Brotherhood of the Blade,1,68,0.56,12.95,M,2005
52,Tony Hawk's Underground 2: Remix,1,83,0.49,14.95,T,2005
53,The Sims 2,1,65,0.46,14.95,T,2005
54,WipEout Pure,1,88,0.45,12.95,E,2005
55,NBA Live 06,1,80,0.42,9.95,E,2005
56,WWE Smackdown vs. Raw 2006,4,81,0.38,14.95,T,2005
57,Dead or Alive 4,4,85,0.38,17.95,E,2005
58,Phoenix Wright: Ace Attorney,1,81,0.38,24.95,E,2005
59,Spider-Man 2,1,67,0.38,14.95,M,2005
60,NFL Street 2,4,73,0.37,17.95,T,2005
61,Kirby: Canvas Curse,1,86,0.37,17.95,T,2005
62,Battlefield 2: Modern Combat,4,77,0.36,16.95,E,2005
63,Yoshi Touch & Go,1,73,0.36,17.95,T,2005
64,Tiger Woods PGA Tour 06,4,71,0.33,9.95,T,2005
65,Condemned: Criminal Origins,1,81,0.33,14.95,E,2005
66,Peter Jackson's King Kong: The Official Game of...,2,80,0.32,14.95,T,2005
67,Castlevania: Dawn of Sorrow,1,89,0.31,17.95,T,2005
68,SpongeBob SquarePants: The Yellow Avenger,1,67,0.31,13.95,E,2005
69,Marvel Nemesis: Rise of the Imperfects ,1,58,0.31,17.95,T,2005
70,Kameo: Elements of Power,1,79,0.31,11.95,T,2005
71,Advance Wars: Dual Strike,1,90,0.3,17.95,T,2005
72,Trauma Center: Under the Knife,1,81,0.3,15.95,T,2005
73,Coded Arms,1,59,0.3,12.95,M,2005
74,NBA LIVE 06 ,1,64,0.29,4.95,E,2005
75,Tony Hawk's American Wasteland,1,75,0.29,14.95,E,2005
76,Star Wars: Episode III - Revenge of the Sith,1,73,0.28,16.95,E,2005
77,Capcom Classics Collection Remixed,1,72,0.28,17.95,E,2005
78,Madagascar,1,66,0.27,14.95,E,2005
79,X-Men: Legends II - Rise of Apocalypse,1,84,0.27,17.95,M,2005
80,Quake 4,1,75,0.27,14.95,E,2005
81,Pokmon Trozei!,1,74,0.26,19.95,E,2005
82,Need for Speed: Most Wanted,1,45,0.25,15.95,E,2005
83,Mega Man Maverick Hunter X,1,79,,17.95,E,2005
84,Metroid Prime Pinball,1,79,0.22,17.95,E,2005
85,NBA 06,1,72,0.22,9.95,E,2005
86,GUN ,1,75,0.22,19.95,E,2005
87,NBA 2K6 ,1,81,0.22,4.95,E,2005
88,Pinball Hall of Fame: The Gottlieb Collection,4,73,0.21,9.95,T,2005
89,Harry Potter and the Goblet of Fire,1,68,0.21,17.95,T,2005
90,Tony Hawk's American Sk8land,1,84,0.21,16.95,E,2005
91,MVP Baseball,1,67,0.21,4.95,M,2005
92,Tiger Woods PGA Tour,1,78,0.21,17.95,E,2005
93,World Series of Poker,1,37,0.21,14.95,E,2005
94,SSX on Tour,1,79,0.2,16.95,E,2005
95,Tiger Woods PGA Tour 06,1,80,0.2,9.95,T,2005
96,Death Jr.,1,61,0.19,9.95,M,2005
97,Harry Potter and the Goblet of Fire,1,70,0.19,17.95,T,2005
98,MediEvil Resurrection,1,66,0.19,17.95,T,2005
99,"The Chronicles of Narnia: The Lion, the Witch a...",1,65,0.18,12.95,T,2005
100,Shrek SuperSlam,1,56,0.18,11.95,E,2005
101,Virtua Tennis: World Tour,1,84,0.18,14.95,M,2005
102,Prince of Persia: Revelations,1,65,0.17,6.95,E,2005
103,Burnout Legends,1,38,0.16,17.95,E,2005
104,Meteos,1,88,0.16,15.95,E,2005
105,Spyro: Shadow Legacy,1,50,0.15,17.95,E,2005
106,The Con,1,63,0.15,8.95,E,2005
107,Infected,,74,0.15,17.95,E,2005
108,Pursuit Force,1,75,0.14,14.95,M,2005
109,Kingdom of Paradise,2,72,0.13,12.95,E,2005
110,Dragon Ball Z: Supersonic Warriors 2,1,66,0.13,22.95,E,2005
111,Dragon Quest Heroes: Rocket Slime,1,83,0.13,12.95,T,2005
112,Dead to Rights: Reckoning,1,54,0.13,14.95,E,2005
113,Amped 3,1,72,0.13,14.95,E,2005
114,Break 'em All,1,68,0.12,17.95,T,2005
115,Lunar: Dragon Song,1,59,0.12,14.95,M,2005
116,Madden NFL 06,1,66,0.12,9.95,E,2005
117,Retro Atari Classics,1,51,0.12,12.95,E,2005
118,True Swing Golf,1,66,0.12,14.95,E,2005
119,FIFA Soccer,1,73,0.12,14.95,E,2005
120,Metal Gear Ac!d 2,1,80,0.12,12.95,E,2005
121,ATV Quad Frenzy,1,35,0.11,14.95,T,2005
122,Bomberman,1,75,0.11,17.95,E,2005
123,GoldenEye: Rogue Agent,1,58,0.11,14.95,T,2005
124,Need for Speed Underground 2,1,65,0.11,22.95,T,2005
125,Frogger: Helmet Chaos,1,66,0.11,19.95,E,2005
126,The Lord of the Rings: Tactics,1,64,0.11,19.95,M,2005
127,Rengoku: The Tower of Purgatory,1,43,0.11,12.95,E,2005
128,Gretzky NHL,2,61,0.1,9.95,E,2005
129,Ridge Racer 6,2,74,0.1,14.95,E,2005
130,Ford Racing 3,1,49,0.1,14.95,E,2005
131,NHL 2K6 ,1,75,0.1,5.95,T,2005
132,Bust-a-Move DS,1,75,0.09,17.95,E,2005
133,Battles of Prince of Persia,1,64,0.09,14.95,E,2005
134,GripShift,1,70,0.09,9.95,E,2005
135,Marvel Nemesis: Rise of the Imperfects ,1,34,0.08,14.95,T,2005
136,Scooby-Doo! Unmasked,1,60,0.08,17.95,E,2005
137,Viewtiful Joe: Double Trouble!,1,73,0.08,14.95,E,2005
138,The Legend of Heroes: A Tear of Vermillion,1,68,0.08,17.95,T,2005
139,PQ: Practical Intelligence Quotient,1,69,0.08,14.95,E,2005
140,Lost in Blue,1,69,0.07,24.95,T,2005
141,Ghost in the Shell: Stand Alone Complex,1,61,0.07,14.95,E,2005
142,Dig Dug: Digging Strike,1,65,0.06,16.95,E,2005
143,Frogger: Helmet Chaos,1,69,0.06,17.95,E,2005
144,Mega Man Battle Network 5: Double Team DS,1,68,0.06,17.95,E,2005
145,Nanostray,1,71,0.06,17.95,E,2005
146,Sega Casino,1,61,0.06,17.95,M,2005
147,Teenage Mutant Ninja Turtles 3: Mutant Nightmare,1,58,,17.95,T,2005
148,Pac-Man World 3,1,61,0.06,24.95,E,2005
149,Tokobot,1,72,0.06,17.95,T,2005
150,Fullmetal Alchemist: Dual Sympathy,1,58,0.05,14.95,M,2005
151,Exit,1,77,0.05,9.95,E,2005
152,Bubble Bobble Revolution,1,38,0.04,17.95,M,2005
153,The Rub Rabbits!,2,68,0.02,17.95,M,2005
154,Electroplankton,1,71,0.01,29.95,T,2005
155,LifeSigns: Surgical Unit,1,61,0.01,22.95,T,2005
156,Space Invaders Revolution,1,49,0.01,13.95,E,2005
157,Wii Play,2,58,14.66,14.95,T,2006
158,New Super Mario Bros.,1,89,10.03,27.95,T,2006
159,Pokmon Diamond,1,85,6.77,27.95,E,2006
160,Pokmon Pearl,1,85,6.77,26.95,E,2006
161,Gears of War,2,94,3.7,19.95,M,2006
162,The Legend of Zelda: Twilight Princess,1,95,3.33,39.95,M,2006
163,Cooking Mama,1,67,2.9,17.95,M,2006
164,Marvel Ultimate Alliance,4,82,2.42,14.95,T,2006
165,Daxter,1,85,2.38,14.95,T,2006
166,The Elder Scrolls IV: Oblivion,1,94,2.12,19.95,E,2006
167,Madden NFL 07,2,80,1.77,4.95,E,2006
168,Grand Theft Auto: Vice City Stories,1,86,1.72,17.95,E,2006
169,Resistance: Fall of Man,4,86,1.61,19.95,E,2006
170,MotorStorm,1,82,1.58,16.95,T,2006
171,Call of Duty 3,2,82,1.51,16.95,T,2006
172,Yoshi's Island DS,1,81,1.49,27.95,E,2006
173,Tom Clancy's Ghost Recon: Advanced Warfighter,4,90,1.46,14.95,E,2006
174,Fight Night Round 3,2,86,1.4,14.95,E,2006
175,Pokmon Ranger,1,69,1.36,19.95,E,2006
176,Rayman Raving Rabbids,4,76,1.26,17.95,T,2006
177,Saints Row,1,81,1.23,14.95,T,2006
178,Tom Clancy's Rainbow Six: Vegas,2,88,1.19,14.95,E,2006
179,Dead Rising,1,85,1.16,16.95,E,2006
180,Call of Duty 3,1,69,1.15,19.95,E,2006
181,Lost Planet: Extreme Condition,1,79,1.15,12.95,M,2006
182,Mario Hoops 3 on 3,1,69,1.03,22.95,M,2006
183,LEGO Star Wars II: The Original Trilogy,1,47,1.02,17.95,E,2006
184,Super Monkey Ball: Banana Blitz,4,74,1,14.95,T,2006
185,The Sims 2: Pets,1,49,0.97,14.95,T,2006
186,Need for Speed: Carbon - Own the City,1,73,0.93,16.95,E,2006
187,WarioWare: Smooth Moves,6,83,0.9,39.95,T,2006
188,Fight Night Round 3,2,83,0.86,13.95,T,2006
189,Final Fantasy III,1,77,0.86,17.95,E,2006
190,SOCOM: U.S. Navy SEALs - Fireteam Bravo 2,1,81,0.86,16.95,E,2006
191,Madden NFL 07,1,78,0.83,9.95,E,2006
192,Monster 4x4: World Circuit,4,51,0.82,12.95,E,2006
193,Kirby: Squeak Squad,1,71,0.82,27.95,T,2006
194,Pokmon Battle Revolution,4,53,0.81,39.95,T,2006
195,Medal of Honor: Heroes,1,71,,14.95,E,2006
196,Tekken: Dark Resurrection,1,88,0.81,17.95,E,2006
197,Need for Speed: Carbon,2,77,0.78,16.95,E,2006
198,Mario vs. Donkey Kong 2: March of the Minis,1,76,0.77,27.95,T,2006
199,Sonic Rivals,1,64,0.76,17.95,T,2006
200,NCAA Football 07,2,79,0.7,4.95,E,2006
201,Mortal Kombat: Unchained,2,70,0.67,17.95,E,2006
202,Tom Clancy's Splinter Cell: Double Agent,1,85,0.67,17.95,E,2006
203,Tetris DS,1,84,0.66,17.95,M,2006
204,LEGO Star Wars II: The Original Trilogy,2,83,0.61,17.95,T,2006
205,Red Steel,4,63,0.58,14.95,T,2006
206,Metroid Prime: Hunters,1,85,0.58,27.95,E,2006
207,LEGO Star Wars II: The Original Trilogy,2,81,0.57,14.95,E,2006
208,NBA 2K7 ,1,84,0.56,4.95,E,2006
209,SEGA Genesis Collection,2,82,0.55,17.95,T,2006
210,Call of Duty 3,1,80,0.52,19.95,T,2006
211,NBA Live 07,1,64,0.51,7.95,E,2006
212,Madden NFL 07,2,76,0.49,6.95,T,2006
213,SpongeBob SquarePants: The Yellow Avenger,1,48,0.49,12.95,T,2006
214,Madden NFL 07,4,81,0.48,9.95,E,2006
215,Fight Night Round 3,2,74,0.48,16.95,T,2006
216,Need for Speed: Carbon,2,75,0.47,17.95,T,2006
217,Need for Speed: Carbon,2,67,0.47,17.95,M,2006
218,WWE SmackDown vs. Raw 2007,4,81,0.45,12.95,E,2006
219,Tiger Woods PGA Tour 07,1,80,0.45,9.95,T,2006
220,Viva Pi$?ata,4,84,0.44,16.95,E,2006
221,SpongeBob Squarepants: Creature from the Krusty Krab,1,57,0.44,14.95,T,2006
222,Tony Hawk's Project 8,2,68,0.42,17.95,M,2006
223,Tony Hawk's Project 8,2,81,0.42,16.95,E,2006
224,NBA LIVE 07 ,1,59,,4.95,T,2006
225,Excite Truck,2,72,0.4,19.95,M,2006
226,Harvest Moon DS,1,67,0.4,17.95,T,2006
227,Star Fox Command,1,76,0.39,14.95,T,2006
228,Metal Gear Solid: Portable Ops,1,87,0.39,17.95,T,2006
229,Marvel Ultimate Alliance,4,73,0.38,17.95,M,2006
230,Blazing Angels: Squadrons of WWII,2,66,0.37,16.95,E,2006
231,Major League Baseball 2K6,2,66,0.37,4.95,T,2006
232,NCAA Football 07,1,75,0.36,9.95,T,2006
233,MLB 06: The Show,2,83,0.35,9.95,T,2006
234,Blazing Angels: Squadrons of WWII,2,67,0.35,16.95,T,2006
235,WWE SmackDown vs. Raw 2007,4,78,0.34,14.95,T,2006
236,Rune Factory: A Fantasy Harvest Moon,1,78,0.34,24.95,T,2006
237,Marvel Ultimate Alliance,1,81,0.34,22.95,E,2006
238,Marvel Ultimate Alliance,4,78,0.33,24.95,M,2006
239,Tiger Woods PGA Tour 07,4,81,0.32,14.95,E,2006
240,Ace Combat X: Skies of Deception,1,75,0.32,22.95,E,2006
241,Killzone: Liberation,1,77,0.32,16.95,M,2006
242,F.E.A.R.: First Encounter Assault Recon,1,85,0.32,17.95,E,2006
243,NBA 2K7,7,80,0.31,7.95,E,2006
244,Tony Hawk's Project 8,2,76,0.3,14.95,T,2006
245,Avatar: The Last Airbender,1,64,0.3,17.95,E,2006
246,Castlevania: Portrait of Ruin,1,85,0.3,17.95,M,2006
247,Hitman: Blood Money,1,82,0.29,22.95,E,2006
248,Rockstar Games presents Table Tennis,2,81,0.28,9.95,M,2006
249,Trauma Center: Second Opinion,1,80,0.28,17.95,T,2006
250,Tenchu Z,1,56,0.28,14.95,E,2006
251,Elite Beat Agents,1,87,0.27,9.95,M,2006
252,Street Fighter Alpha 3 MAX,1,80,0.27,14.95,M,2006
253,Blue Dragon,1,79,0.27,14.95,T,2006
254,The Lord of the Rings: The Battle for Middle Ea...,1,79,0.27,19.95,T,2006
255,Prey,1,79,0.27,14.95,T,2006
256,Over the Hedge,1,71,0.26,16.95,E,2006
257,Capcom Classics Collection Reloaded,1,75,0.26,17.95,T,2006
258,Pirates of the Caribbean: Dead Man's Chest,1,52,0.26,14.95,T,2006
259,NHL 07 ,1,79,0.26,5.95,T,2006
260,Monster Hunter Freedom,1,71,0.25,12.95,E,2006
261,Chromehounds,1,71,0.25,14.95,T,2006
262,Test Drive Unlimited,1,82,0.25,17.95,T,2006
263,Dragon Ball Z: Budokai Tenkaichi 2,2,72,0.24,14.95,E,2006
264,Dragon Quest Monsters: Joker,1,75,0.24,14.95,T,2006
265,Pirates of the Caribbean: Dead Man's Chest,1,63,0.24,11.95,E,2006
266,NFL Street 3,1,68,0.24,14.95,T,2006
267,Syphon Filter: Dark Mirror,1,87,0.24,12.95,M,2006
268,NBA 07,4,63,0.23,6.95,T,2006
269,Ridge Racer 7,2,78,0.23,19.95,E,2006
270,The Outfit,2,70,0.23,14.95,E,2006
271,Elebits,4,75,0.22,14.95,T,2006
272,Tony Hawk's Downhill Jam,1,76,0.22,14.95,T,2006
273,The Sims 2: Pets,1,57,0.21,17.95,T,2006
274,Tiger Woods PGA Tour 07,1,78,0.21,12.95,E,2006
275,Thrillville,1,72,,14.95,E,2006
276,The Godfather: The Game,1,77,0.2,17.95,T,2006
277,Rampage: Total Destruction,4,46,0.19,16.95,E,2006
278,College Hoops 2K7,4,82,0.19,6.95,T,2006
279,Far Cry: Instincts - Predator,4,78,0.19,17.95,E,2006
280,Full Auto,2,70,0.19,16.95,E,2006
281,Age of Empires: The Age of Kings,1,80,0.19,17.95,T,2006
282,Need for Speed: Carbon - Own the City,1,70,0.19,14.95,T,2006
283,Brothers in Arms: D-Day,1,65,0.19,6.95,T,2006
284,Family Guy Video Game!,1,51,0.19,19.95,M,2006
285,Superman Returns,1,51,0.19,7.95,E,2006
286,Over G Fighters,2,49,0.18,17.95,E,2006
287,Final Fantasy XI Online,1,66,0.18,4.95,E,2006
288,Mystery Dungeon: Shiren the Wanderer,1,69,0.17,17.95,T,2006
289,Phoenix Wright: Ace Attorney - Justice for All,1,76,0.17,13.95,E,2006
290,Justice League Heroes,1,72,0.17,17.95,M,2006
291,Valhalla Knights,1,53,0.17,16.95,T,2006
292,Genji: Days of the Blade,1,55,0.17,14.95,T,2006
293,Top Spin 2,4,75,0.16,12.95,T,2006
294,Field Commander,2,77,0.16,14.95,T,2006
295,Children of Mana,1,65,0.16,16.95,E,2006
296,Valkyrie Profile: Lenneth,1,80,0.16,22.95,E,2006
297,Monster House,1,62,0.15,14.95,M,2006
298,Enchanted Arms,1,69,0.15,17.95,E,2006
299,NHL 07,4,76,0.14,12.95,M,2006
300,Bust-a-Move Deluxe,2,73,0.14,14.95,M,2006
301,Full Auto 2: Battlelines,2,67,0.14,14.95,T,2006
302,Blitz: The League,2,69,0.14,14.95,T,2006
303,Star Trek Legacy,2,64,0.14,24.95,E,2006
304,Eragon,1,63,0.14,16.95,E,2006
305,Master of Illusion,1,69,0.14,14.95,E,2006
306,Mega Man ZX,1,76,0.14,19.95,T,2006
307,Untold Legends: The Warrior's Code,1,65,0.14,14.95,T,2006
308,Super Swing Golf,1,72,0.14,16.95,T,2006
309,X-Men: The Official Game,1,52,0.14,14.95,M,2006
310,Untold Legends: Dark Kingdom,2,58,0.13,16.95,E,2006
311,Happy Feet,2,46,0.13,14.95,E,2006
312,Open Season,1,72,0.13,17.95,T,2006
313,Dungeon Siege: Throne of Agony,1,74,0.13,24.95,E,2006
314,LocoRoco,1,83,0.13,17.95,T,2006
315,Dead or Alive: Xtreme 2,1,53,0.13,14.95,T,2006
316,Fuzion Frenzy 2,4,49,0.12,14.95,T,2006
317,MotoGP '06,4,80,0.12,14.95,M,2006
318,Lumines II,2,81,0.12,14.95,E,2006
319,Major League Baseball 2K6,1,69,0.12,4.95,M,2006
320,Star Wars: Lethal Alliance,1,61,,17.95,T,2006
321,Worms: Open Warfare,1,70,0.12,17.95,T,2006
322,Eragon,4,59,0.11,14.95,E,2006
323,Metal Slug Anthology,4,73,0.11,16.95,T,2006
324,Open Season,4,59,0.11,14.95,E,2006
325,Tom Clancy's Splinter Cell: Double Agent,2,61,0.11,17.95,T,2006
326,Avatar: The Last Airbender,1,57,0.11,17.95,E,2006
327,Lemmings,1,76,0.11,17.95,E,2006
328,Mega Man Powered Up,1,82,0.11,16.95,E,2006
329,College Hoops 2K6,1,70,0.11,6.95,E,2006
330,Dynasty Warriors 5: Empires,2,61,0.1,14.95,T,2006
331,Magical Starsign,1,69,0.1,9.95,E,2006
332,Resident Evil: Deadly Silence,1,71,0.1,17.95,E,2006
333,X-Men: The Official Game,1,50,0.1,14.95,E,2006
334,Cabela's African Safari,1,53,0.1,17.95,E,2006
335,Cabela's Alaskan Adventures,1,48,0.1,17.95,E,2006
336,Armored Core 4,2,65,0.09,19.95,E,2006
337,Eragon,2,48,0.09,12.95,T,2006
338,LostMagic,1,68,0.09,14.95,T,2006
339,Magnetica,1,68,0.09,17.95,T,2006
340,Def Jam Fight for NY: The Takeover,1,79,0.09,17.95,T,2006
341,NASCAR 07,1,66,0.09,24.95,T,2006
342,The Ant Bully,1,45,0.09,16.95,T,2006
343,Just Cause,1,73,0.09,16.95,E,2006
344,Onechanbara: Bikini Samurai Squad,1,39,0.09,19.95,E,2006
345,Phantasy Star Universe,1,64,0.09,24.95,E,2006
346,Project Sylpheed: Arc of Deception,1,64,0.09,14.95,T,2006
347,Winning Eleven: Pro Evolution Soccer 2007,6,80,0.08,11.95,E,2006
348,Kororinpa: Marble Mania,2,69,0.08,17.95,T,2006
349,Digimon World DS,1,49,0.08,27.95,E,2006
350,Justice League Heroes,1,43,0.08,17.95,E,2006
351,Innocent Life: A Futuristic Harvest Moon,1,67,0.08,17.95,E,2006
352,Power Stone Collection,1,74,0.08,14.95,M,2006
353,EA Replay,4,56,0.07,14.95,E,2006
354,Open Season,4,49,0.07,17.95,M,2006
355,Samurai Warriors 2,4,52,0.07,14.95,M,2006
356,Far Cry: Vengeance,2,38,0.07,16.95,E,2006
357,Import Tuner Challenge,2,54,0.07,17.95,E,2006
358,Contact,1,73,0.07,14.95,E,2006
359,Touch Detective,1,60,0.07,14.95,T,2006
360,FIFA Street 2,1,58,0.07,17.95,T,2006
361,007: From Russia with Love,,61,0.07,17.95,T,2006
362,PaRappa the Rapper,1,67,0.07,12.95,T,2006
363,Riviera: The Promised Land,1,68,0.07,17.95,M,2006
364,Samurai Warriors: State of War,1,64,0.07,17.95,E,2006
365,Viewtiful Joe: Red Hot Rumble,1,63,0.07,14.95,E,2006
366,Ice Age 2: The Meltdown,1,66,0.07,17.95,E,2006
367,Rumble Roses XX,4,62,0.06,17.95,E,2006
368,Bionicle Heroes,1,72,0.06,16.95,T,2006
369,Deep Labyrinth,1,57,0.06,10.95,T,2006
370,Blade Dancer: Lineage of Light,1,60,0.06,16.95,E,2006
371,Every Extend Extra,1,74,,11.95,E,2006
372,Ultimate Ghosts 'N' Goblins,1,72,0.06,17.95,E,2006
373,Xiaolin Showdown,1,44,0.06,14.95,M,2006
374,Bionicle Heroes,1,59,0.06,14.95,T,2006
375,Bullet Witch,1,55,0.06,16.95,M,2006
376,Death Jr. II: Root of Evil,2,68,0.05,14.95,E,2006
377,Alex Rider: Stormbreaker,1,48,0.05,12.95,M,2006
378,Cartoon Network Racing,1,55,0.05,14.95,E,2006
379,Guilty Gear: Dust Strikers,1,60,0.05,14.95,E,2006
380,Gunpey DS,1,70,0.05,12.95,E,2006
381,Lara Croft Tomb Raider: Legend,1,58,0.05,17.95,E,2006
382,Worms: Open Warfare,1,64,0.05,17.95,E,2006
383,Mercury Meltdown,1,78,0.05,12.95,M,2006
384,MTX Mototrax,1,67,0.05,19.95,M,2006
385,Snoopy vs. the Red Baron,1,76,0.05,17.95,E,2006
386,Super Monkey Ball Adventure,1,56,0.05,24.95,E,2006
387,Ys VI: The Ark of Napishtim,1,64,0.05,16.95,E,2006
388,Bomberman Land Touch!,1,78,0.04,24.95,E,2006
389,Point Blank DS,1,66,0.04,17.95,M,2006
390,Scurge: Hive,1,70,0.04,8.95,M,2006
391,Star Trek: Tactical Assault,1,63,0.04,17.95,T,2006
392,Tao's Adventure: Curse of the Demon Seal,1,50,,14.95,E,2006
393,Ford Bold Moves Street Racing,1,52,0.04,17.95,T,2006
394,Gitaroo Man Lives!,1,80,0.04,22.95,E,2006
395,Gradius Collection,1,76,0.04,17.95,T,2006
396,The Legend of Heroes II: Prophecy of the Moonli...,1,63,0.04,17.95,E,2006
397,Pac-Man World Rally,1,51,0.04,17.95,T,2006
398,Bomberman: Act Zero,1,34,0.04,12.95,E,2006
399,Earth Defense Force 2017,2,69,0.03,17.95,T,2006
400,WarTech: Senko no Ronde,2,60,0.03,12.95,T,2006
401,MechAssault: Phantom War,1,66,0.03,12.95,E,2006
402,Astonishia Story,1,48,0.03,16.95,T,2006
403,B-Boy,1,50,0.03,17.95,E,2006
404,BattleZone,1,57,0.03,14.95,E,2006
405,Bounty Hounds,1,63,0.03,17.95,T,2006
406,Bubble Bobble Evolution,1,47,0.03,12.95,E,2006
407,MotoGP,1,69,0.03,32.95,E,2006
408,OutRun 2006: Coast 2 Coast,1,82,0.03,17.95,E,2006
409,Warhammer: Battle for Atluma,1,55,0.03,17.95,M,2006
410,SBK: Snowboard Kids,1,63,0.02,19.95,E,2006
411,Tenchu: Dark Secret,1,37,0.02,14.95,E,2006
412,Dungeon Maker: Hunting Ground,1,70,0.02,14.95,E,2006
413,Metal Gear Solid: Digital Graphic Novel,1,78,0.02,17.95,T,2006
414,Star Trek: Tactical Assault,1,64,0.02,17.95,E,2006
415,Micro Machines V4,2,61,0.01,17.95,E,2006
416,Platypus,2,59,,14.95,T,2006
417,Custom Robo Arena,1,74,0.01,17.95,T,2006
418,Gurumin: A Monstrous Adventure,1,78,0.01,13.95,T,2006
419,Spider-Man 3,1,58,0.01,6.95,M,2006
420,Wii Fit,1,80,9.6,24.95,T,2007
421,Halo 3,4,94,8.03,24.95,E,2007
422,Call of Duty 4: Modern Warfare,4,94,5.77,29.95,E,2007
423,Super Mario Galaxy,2,97,4.94,39.95,E,2007
424,Mario Party DS,1,72,4.34,27.95,T,2007
425,Mario Party 8,4,62,3.84,39.95,T,2007
426,Guitar Hero III: Legends of Rock,2,85,3.28,12.95,T,2007
427,Link's Crossbow Training,1,68,3.2,14.95,E,2007
428,Guitar Hero III: Legends of Rock,2,86,3.19,49.95,T,2007
429,Assassin's Creed,1,81,3.17,16.95,T,2007
430,LEGO Star Wars: The Complete Saga,2,80,3.03,17.95,M,2007
431,Call of Duty 4: Modern Warfare,4,94,2.91,24.95,E,2007
432,Mario & Sonic at the Olympic Games,4,67,2.74,29.95,E,2007
433,LEGO Star Wars: The Complete Saga,1,80,2.66,17.95,E,2007
434,Forza Motorsport 2,2,90,2.48,12.95,T,2007
435,Madden NFL 08,4,85,2.32,9.95,E,2007
436,Guitar Hero II,2,92,2.04,17.95,T,2007
437,Rock Band,4,92,2.02,14.95,E,2007
438,The Legend of Zelda: Phantom Hourglass,1,90,1.92,24.95,E,2007
439,Pokmon Mystery Dungeon: Explorers of Darkness,1,59,1.91,15.95,E,2007
440,Pokmon Mystery Dungeon: Explorers of Time,1,59,1.91,24.95,T,2007
441,Assassin's Creed,1,81,1.77,17.95,T,2007
442,Uncharted: Drake's Fortune,1,88,1.76,24.95,T,2007
443,Mass Effect,1,91,1.57,17.95,T,2007
444,Cooking Mama 2: Dinner with Friends,1,70,1.56,17.95,E,2007
445,BioShock,1,96,1.52,16.95,T,2007
446,Super Paper Mario,1,85,1.5,29.95,E,2007
447,Game Party,4,25,1.49,14.95,T,2007
448,Ratchet & Clank: Size Matters,1,85,1.47,14.95,E,2007
449,Dance Dance Revolution Hottest Party,4,73,1.45,17.95,T,2007
450,Cooking Mama: Cook Off,2,61,1.38,14.95,M,2007
451,Gran Turismo 5: Prologue,2,80,1.31,24.95,E,2007
452,Professor Layton and the Curious Village,1,85,1.26,23.95,E,2007
453,Resident Evil 4,1,91,,16.95,T,2007
454,The Elder Scrolls IV: Oblivion,1,93,,17.95,T,2007
455,Transformers: Autobots,1,67,1.17,17.95,E,2007
456,Transformers: Decepticons,1,66,1.17,17.95,M,2007
457,Diddy Kong Racing DS,1,63,1.16,24.95,T,2007
458,Big Brain Academy: Wii Degree,8,68,1.1,19.95,M,2007
459,Need for Speed: ProStreet,2,72,1.1,16.95,T,2007
460,Deal or No Deal,1,20,1.1,11.95,E,2007
461,LEGO Star Wars: The Complete Saga,2,80,1.09,17.95,T,2007
462,Sonic and the Secret Rings,4,69,1.08,16.95,E,2007
463,The Orange Box,1,96,1.06,17.95,E,2007
464,Crackdown,1,83,1.02,14.95,M,2007
465,Rock Band,4,92,1.01,14.95,M,2007
466,Tiger Woods PGA Tour 08,4,72,1,17.95,T,2007
467,WWE Smackdown vs. Raw 2008,4,71,0.96,12.95,T,2007
468,Madden NFL 08,4,81,0.94,9.95,T,2007
469,Call of Duty 4: Modern Warfare,1,75,0.94,19.95,T,2007
470,MySims,1,68,0.94,17.95,T,2007
471,Mario Strikers Charged,4,79,0.93,29.95,E,2007
472,Star Wars Battlefront: Renegade Squadron,1,73,0.93,16.95,T,2007
473,Flash Focus: Vision Training in Minutes a Day,1,59,0.91,17.95,T,2007
474,Metroid Prime 3: Corruption,1,90,0.91,19.95,T,2007
475,Tom Clancy's Ghost Recon: Advanced Warfighter 2...,1,86,0.89,14.95,T,2007
476,Madden NFL 08,4,76,0.86,12.95,M,2007
477,Ratchet & Clank Future: Tools of Destruction,1,89,0.86,22.95,E,2007
478,LEGO Star Wars: The Complete Saga,2,80,0.85,17.95,M,2007
479,Rayman Raving Rabbids 2,4,67,0.84,17.95,T,2007
480,NBA 2K8 ,1,81,0.83,9.95,M,2007
481,Namco Museum DS,1,67,0.8,17.95,E,2007
482,Need for Speed: ProStreet,2,73,0.75,16.95,T,2007
483,Blazing Angels: Squadrons of WWII,2,57,0.75,16.95,E,2007
484,Drawn to Life,1,73,0.75,17.95,T,2007
485,EA Playground,4,66,0.72,17.95,T,2007
486,Major League Baseball 2K7,2,79,0.7,9.95,E,2007
487,Resident Evil: The Umbrella Chronicles,2,75,0.69,19.95,T,2007
488,NCAA Football 08,2,81,0.68,9.95,E,2007
489,Spectrobes,1,63,0.68,14.95,E,2007
490,The Sims 2: Castaway,1,66,0.66,16.95,M,2007
491,WWE Smackdown vs. Raw 2008,6,74,0.64,14.95,E,2007
492,Madden NFL 08,1,75,0.64,9.95,E,2007
493,NBA Live 08,4,73,0.6,9.95,M,2007
494,The Simpsons Game,1,69,0.6,17.95,M,2007
495,Ace Combat 6: Fires of Liberation,1,80,0.58,19.95,E,2007
496,Heavenly Sword,1,79,0.57,24.95,E,2007
497,Ninja Gaiden Sigma,1,88,0.57,19.95,E,2007
498,Ben 10: Protector of the Earth,1,63,,16.95,T,2007
499,The Simpsons Game,2,71,0.55,17.95,T,2007
500,CrossworDS,1,67,0.53,17.95,T,2007
501,Sonic Rush Adventure,1,78,0.52,24.95,T,2007
502,Tiger Woods PGA Tour 08,4,80,0.51,14.95,T,2007
503,Tony Hawk's Proving Ground,2,72,0.51,16.95,T,2007
504,Call of Duty: Roads to Victory,1,64,0.51,24.95,E,2007
505,Transformers: The Game,1,52,0.51,14.95,M,2007
506,NBA 2K8,7,81,0.5,9.95,M,2007
507,Medal of Honor: Heroes 2,1,69,0.5,17.95,E,2007
508,Spider-Man 3,1,63,0.5,11.95,E,2007
509,Tom Clancy's Rainbow Six: Vegas,2,86,0.49,16.95,E,2007
510,Need for Speed: ProStreet,2,61,0.49,16.95,M,2007
511,NBA LIVE 08 ,1,73,0.49,9.95,T,2007
512,Dance Dance Revolution Universe 2,4,65,0.48,19.95,T,2007
513,MX vs. ATV Untamed,2,70,0.48,17.95,T,2007
514,Final Fantasy IV,1,85,0.48,17.95,T,2007
515,NBA Street Homecourt,4,80,0.47,7.95,T,2007
516,The Simpsons Game,2,64,0.47,17.95,T,2007
517,Winter Sports: The Ultimate Challenge,1,52,0.47,16.95,E,2007
518,WWE Smackdown vs. Raw 2008,4,68,0.46,16.95,E,2007
519,Tiger Woods PGA Tour 07,4,71,0.46,17.95,T,2007
520,Crash of the Titans,1,73,0.46,17.95,T,2007
521,Sonic Rivals 2,1,60,0.46,22.95,M,2007
522,Boogie,2,57,,17.95,T,2007
523,Medal of Honor: Airborne,2,73,0.45,17.95,E,2007
524,The Sims 2: Castaway,1,73,0.45,17.95,T,2007
525,Spider-Man 3,1,53,0.45,14.95,T,2007
526,Lost Odyssey,1,78,0.45,19.95,T,2007
527,Bee Movie Game,1,58,0.44,17.95,E,2007
528,Spider-Man 3,1,79,0.44,16.95,M,2007
529,Final Fantasy Tactics,1,88,0.44,17.95,M,2007
530,Endless Ocean,1,72,0.44,24.95,E,2007
531,SingStar,6,82,0.43,14.95,E,2007
532,Ratatouille,1,62,0.43,19.95,T,2007
533,The Sims 2: Pets,1,65,0.43,22.95,T,2007
534,Two Worlds,1,50,0.43,14.95,M,2007
535,Crash of the Titans,2,69,0.42,17.95,E,2007
536,Sonic the Hedgehog,2,46,0.41,14.95,T,2007
537,Mega Man Star Force: Dragon,1,60,0.41,27.95,T,2007
538,Sonic the Hedgehog,2,43,0.4,16.95,M,2007
539,Harry Potter and the Order of the Phoenix,1,69,0.4,24.95,T,2007
540,Nicktoons: Attack of the Toybots,1,60,0.4,14.95,T,2007
541,WWE Smackdown vs. Raw 2008,4,59,0.39,12.95,M,2007
542,The Simpsons Game,2,71,0.39,17.95,E,2007
543,DiRT,1,83,0.39,17.95,E,2007
544,Kane & Lynch: Dead Men,2,65,0.38,14.95,E,2007
545,Jam Sessions,1,72,0.38,8.95,T,2007
546,Monster Hunter Freedom 2,1,72,,12.95,T,2007
547,Shadowrun,1,66,0.38,12.95,E,2007
548,Thrillville: Off the Rails,4,70,0.37,16.95,E,2007
549,Tony Hawk's Proving Ground,2,73,0.37,12.95,E,2007
550,My Word Coach,1,71,0.37,15.95,T,2007
551,The World Ends With You,1,88,0.37,17.95,M,2007
552,The BIGS,4,66,0.36,17.95,M,2007
553,NCAA Football 08,2,77,0.36,9.95,T,2007
554,Final Fantasy Tactics A2: Grimoire of the Rift,1,80,0.36,17.95,E,2007
555,Beowulf: The Game,1,51,0.36,12.95,E,2007
556,The Darkness,1,82,0.36,14.95,M,2007
557,Tom Clancy's Ghost Recon: Advanced Warfighter 2...,4,84,0.35,17.95,T,2007
558,Final Fantasy,1,67,0.35,17.95,T,2007
559,Lair,1,53,0.35,19.95,E,2007
560,Transformers: The Game,1,53,0.35,17.95,T,2007
561,Command & Conquer 3: Tiberium Wars,1,82,0.35,24.95,T,2007
562,Overlord,1,76,0.35,17.95,M,2007
563,Diner Dash,1,64,0.34,17.95,T,2007
564,Medal of Honor: Heroes 2,1,73,0.34,19.95,E,2007
565,MX vs. ATV Untamed,2,67,0.33,17.95,T,2007
566,Time Crisis 4,2,60,0.33,24.95,M,2007
567,Dragon Ball Z: Budokai Tenkaichi 3,2,72,0.33,17.95,E,2007
568,Final Fantasy XII: Revenant Wings,1,81,0.33,19.95,T,2007
569,SOCOM: U.S. Navy SEALs - Tactical Strike,1,72,0.33,14.95,M,2007
570,Unreal Tournament III,1,86,,16.95,M,2007
571,Bee Movie Game,2,62,,14.95,E,2007
572,Def Jam: Icon,2,69,0.32,17.95,M,2007
573,Transformers: The Game,1,54,0.32,17.95,E,2007
574,TimeShift,1,70,0.32,12.95,M,2007
575,SSX Blur,4,74,0.31,17.95,E,2007
576,Bleach: The Blade of Fate,1,83,0.31,17.95,E,2007
577,EA Playground,1,60,0.31,11.95,E,2007
578,Final Fantasy II,1,63,0.31,17.95,E,2007
579,The Eye of Judgment,2,75,0.3,12.95,E,2007
580,MLB 07: The Show,2,77,0.3,9.95,T,2007
581,Virtua Fighter 5,2,85,0.3,14.95,M,2007
582,NiGHTS: Journey of Dreams,2,69,0.3,14.95,M,2007
583,Puzzle Quest: Challenge of the Warlords,1,82,0.3,17.95,E,2007
584,NBA Live 08,1,73,0.3,14.95,E,2007
585,Kane & Lynch: Dead Men,2,64,0.29,19.95,E,2007
586,Crash of the Titans,2,65,0.29,17.95,E,2007
587,Harry Potter and the Order of the Phoenix,1,51,0.29,17.95,E,2007
588,SimCity DS,1,69,0.29,14.95,T,2007
589,Wario: Master of Disguise,1,60,0.29,14.95,E,2007
590,No More Heroes,1,83,0.29,17.95,M,2007
591,BlackSite: Area 51,1,62,0.29,17.95,E,2007
592,Shrek the Third,2,56,0.28,14.95,E,2007
593,Shrek the Third,1,70,0.28,16.95,T,2007
594,Surf's Up,1,56,0.28,14.95,T,2007
595,MLB 07: The Show,1,82,0.28,9.95,E,2007
596,TMNT,1,58,0.28,19.95,E,2007
597,Spider-Man: Friend or Foe,2,60,0.27,17.95,E,2007
598,Contra 4,1,83,0.27,17.95,T,2007
599,Phoenix Wright: Ace Attorney - Trials and Tribu...,1,81,0.27,17.95,T,2007
600,Disney Pirates of the Caribbean: At World's End,1,66,0.27,14.95,T,2007
601,Dragon Ball Z: Shin Budokai - Another Road,1,65,0.27,16.95,E,2007
602,Spider-Man 3,1,60,0.27,17.95,E,2007
603,The Golden Compass,1,41,0.27,9.95,M,2007
604,Stuntman: Ignition,4,75,0.26,14.95,T,2007
605,Chicken Shoot,2,27,0.26,12.95,E,2007
606,Shrek the Third,2,57,0.26,16.95,E,2007
607,DK: Jungle Climber,1,77,,24.95,T,2007
608,Dragon Quest IV: Chapters of the Chosen,1,80,0.26,24.95,T,2007
609,300: March to Glory,1,55,0.26,14.95,E,2007
610,Fire Emblem: Radiant Dawn,1,78,,34.95,T,2007
611,The Golden Compass,1,35,0.26,14.95,E,2007
612,Manhunt 2,1,62,0.26,19.95,E,2007
613,NASCAR 08,1,59,0.25,12.95,E,2007
614,Virtua Tennis 3,4,80,0.24,19.95,E,2007
615,All-Pro Football 2K8,,75,0.24,7.95,T,2007
616,Major League Baseball 2K7,2,74,0.24,7.95,M,2007
617,The Warriors,1,52,0.24,17.95,T,2007
618,Ghost Rider,4,49,0.23,16.95,T,2007
619,Tony Hawk's Proving Ground,2,57,0.23,16.95,E,2007
620,Juiced 2: Hot Import Nights,2,68,0.23,14.95,E,2007
621,Juiced 2: Hot Import Nights,1,72,0.23,13.95,T,2007
622,The Simpsons Game,1,59,0.23,16.95,M,2007
623,Syphon Filter: Logan's Shadow,1,85,0.23,16.95,T,2007
624,Tiger Woods PGA Tour 08,4,79,0.22,12.95,T,2007
625,Ratatouille,4,56,0.22,16.95,T,2007
626,Trauma Center: New Blood,2,77,0.22,17.95,E,2007
627,Hotel Dusk: Room 215,1,78,0.22,14.95,E,2007
628,Mega Man ZX Advent,1,78,0.22,17.95,T,2007
629,Silent Hill: 0rigins,1,78,0.22,17.95,E,2007
630,Harry Potter and the Order of the Phoenix,1,68,0.22,16.95,M,2007
631,NHL 08 ,1,85,0.22,9.95,E,2007
632,Castlevania: The Dracula X Chronicles,2,80,0.21,16.95,E,2007
633,Tony Hawk's Proving Ground,1,39,0.21,13.95,M,2007
634,Jeanne d'Arc,1,87,0.21,19.95,T,2007
635,BWii: Battalion Wars 2,1,75,0.21,14.95,T,2007
636,Battlestations: Midway,1,73,0.21,17.95,T,2007
637,Dragon Ball Z: Harukanaru Densetsu,1,57,0.2,14.95,T,2007
638,Touch the Dead,1,56,0.2,16.95,T,2007
639,The Darkness,1,80,0.2,14.95,E,2007
640,Donkey Kong Barrel Blast,4,46,0.19,29.95,T,2007
641,The BIGS,4,79,0.19,12.95,M,2007
642,Armored Core 4,2,65,0.19,17.95,E,2007
643,Etrian Odyssey,1,75,0.19,24.95,E,2007
644,Ben 10: Protector of the Earth,1,60,0.19,16.95,T,2007
645,Tom Clancy's Splinter Cell: Double Agent,1,78,0.19,22.95,M,2007
646,Looney Tunes: Acme Arsenal,1,27,0.19,14.95,T,2007
647,Zack & Wiki: Quest for Barbaros' Treasure,1,87,0.19,17.95,E,2007
648,Monster Jam,4,43,0.18,17.95,M,2007
649,Virtua Fighter 5,2,89,0.18,17.95,E,2007
650,Lunar Knights,1,82,0.18,16.95,T,2007
651,Enchanted Arms,1,64,0.18,17.95,E,2007
652,F.E.A.R.: First Encounter Assault Recon,1,72,,17.95,T,2007
653,Folklore,1,75,0.18,24.95,E,2007
654,Juiced 2: Hot Import Nights,1,71,0.18,17.95,T,2007
655,The Elder Scrolls IV: Shivering Isles,1,86,0.18,24.95,E,2007
656,NHL 08,7,86,0.17,9.95,T,2007
657,NCAA 07 March Madness,4,67,0.17,7.95,E,2007
658,Rayman Raving Rabbids,4,67,0.17,16.95,M,2007
659,Viva Pi$?ata: Party Animals,4,56,0.17,14.95,T,2007
660,Warriors Orochi,2,53,0.17,19.95,E,2007
661,Luminous Arc,1,70,0.17,24.95,T,2007
662,Picross DS,1,83,0.17,17.95,E,2007
663,Harry Potter and the Order of the Phoenix,1,67,0.17,17.95,E,2007
664,College Hoops 2K7,6,81,0.16,6.95,E,2007
665,The BIGS,4,80,0.16,22.95,T,2007
666,Stuntman: Ignition,4,76,0.16,16.95,E,2007
667,Mortal Kombat: Armageddon,4,71,0.16,24.95,E,2007
668,Def Jam: Icon,2,68,0.16,16.95,E,2007
669,Soulcalibur Legends,2,52,0.16,16.95,E,2007
670,Surf's Up,2,64,0.16,16.95,T,2007
671,Planet Puzzle League,1,86,0.16,17.95,E,2007
672,DiRT,1,83,0.16,17.95,E,2007
673,TMNT,1,60,0.16,17.95,E,2007
674,Soldier of Fortune: Payback,1,50,0.16,13.95,M,2007
675,Dynasty Warriors: Gundam,2,60,0.15,22.95,E,2007
676,Disney Pirates of the Caribbean: At World's End,2,55,0.15,14.95,M,2007
677,Bee Movie Game,2,71,0.15,12.95,T,2007
678,Dynasty Warriors: Gundam,2,55,0.15,22.95,M,2007
679,Golden Axe,2,45,0.15,14.95,M,2007
680,Dementium: The Ward,1,72,0.15,17.95,M,2007
681,Rondo of Swords,1,69,0.15,19.95,E,2007
682,Disgaea: Afternoon of Darkness,1,87,0.15,17.95,M,2007
683,NASCAR 08,1,57,0.15,14.95,M,2007
684,Dragon Quest Swords: The Masked Queen and the T...,1,65,0.15,16.95,T,2007
685,Call of Juarez,1,71,0.15,14.95,E,2007
686,College Hoops 2K8,1,81,0.15,9.95,M,2007
687,Eternal Sonata,1,79,0.15,27.95,M,2007
688,Kingdom Under Fire: Circle of Doom,1,55,0.15,14.95,E,2007
689,Vampire Rain,1,38,0.15,11.95,T,2007
690,All-Pro Football 2K8,,73,0.14,9.95,T,2007
691,Mercury Meltdown,2,77,0.14,12.95,E,2007
692,Conan,1,69,0.14,17.95,E,2007
693,Godzilla: Unleashed,1,44,0.14,24.95,E,2007
694,NBA Live 08,1,52,0.14,14.95,M,2007
695,Conan,1,69,0.14,14.95,E,2007
696,Spider-Man: Friend or Foe,2,59,0.13,17.95,T,2007
697,College Hoops 2K8,7,82,0.12,12.95,M,2007
698,NBA 08,4,63,0.12,9.95,M,2007
699,Thrillville: Off the Rails,4,73,0.12,17.95,E,2007
700,Geometry Wars: Galaxies,1,79,0.12,14.95,T,2007
701,Rayman Raving Rabbids,1,56,0.12,17.95,M,2007
702,WordJong,1,77,0.12,17.95,M,2007
703,"Warhammer 40,000: Squad Command",1,67,0.12,17.95,T,2007
704,Beowulf: The Game,1,51,0.12,12.95,T,2007
705,The Golden Compass,1,40,0.12,12.95,M,2007
706,Scarface: The World is Yours,1,71,,22.95,M,2007
707,Hot Wheels: Beat That!,1,43,0.12,19.95,T,2007
708,NHL 2K8 ,1,71,0.12,6.95,T,2007
709,NBA Street Homecourt,4,81,0.11,14.95,E,2007
710,Geometry Wars: Galaxies,2,80,0.11,16.95,T,2007
711,Final Fantasy: Crystal Chronicles - Echoes of Time,1,75,0.11,24.95,T,2007
712,Godzilla Unleashed: Double Smash,1,28,0.11,17.95,T,2007
713,MX vs. ATV Untamed,1,61,0.11,17.95,E,2007
714,WWE SmackDown vs. Raw 2008,1,61,0.11,14.95,T,2007
715,The BIGS,1,72,0.11,16.95,M,2007
716,Brave Story: New Traveler,1,76,0.11,17.95,T,2007
717,WipEout Pulse,1,82,0.11,16.95,T,2007
718,TimeShift,1,70,0.11,16.95,M,2007
719,Star Trek: Conquest,1,49,0.11,27.95,T,2007
720,Beautiful Katamari,1,73,0.11,17.95,M,2007
721,Hour of Victory,1,37,0.11,12.95,M,2007
722,Fantastic Four: Rise of the Silver Surfer,4,47,0.1,14.95,M,2007
723,SEGA Rally Revo,2,77,0.1,14.95,E,2007
724,7 Wonders of the Ancient World,1,60,0.1,17.95,T,2007
725,Draglade,1,71,0.1,16.95,M,2007
726,Final Fantasy Fables: Chocobo Tales,1,75,0.1,17.95,M,2007
727,Marvel Trading Card Game,1,61,0.1,16.95,M,2007
728,Crazy Taxi: Fare Wars,1,64,0.1,17.95,E,2007
729,The Golden Compass,1,28,0.1,14.95,E,2007
730,Harry Potter and the Order of the Phoenix,1,52,0.1,16.95,E,2007
731,Bladestorm: The Hundred Years' War,1,58,0.1,44.95,E,2007
732,Surf's Up,4,61,0.09,17.95,E,2007
733,Blazing Angels 2: Secret Missions of WWII,2,72,0.09,16.95,M,2007
734,InuYasha: Secret of the Divine Jewel,1,46,0.09,24.95,T,2007
735,The Settlers,1,39,0.09,17.95,T,2007
736,Shrek the Third,1,57,0.09,22.95,T,2007
737,Ratatouille,1,55,0.09,17.95,T,2007
738,Soldier of Fortune: Payback,1,50,0.09,14.95,E,2007
739,Heatseeker,1,62,0.09,17.95,T,2007
740,NHL 2K8,7,74,0.08,9.95,E,2007
741,NCAA March Madness 08,4,67,0.08,12.95,E,2007
742,Fantastic Four: Rise of the Silver Surfer,4,45,0.08,14.95,E,2007
743,Monster Madness: Battle for Suburbia,4,55,0.08,14.95,E,2007
744,Pro Evolution Soccer 2008,4,76,0.08,14.95,M,2007
745,Blazing Angels 2: Secret Missions of WWII,2,70,0.08,22.95,T,2007
746,Cake Mania,1,55,0.08,16.95,M,2007
747,River King: Mystic Valley,1,54,0.08,24.95,T,2007
748,Touch Detective 2 1/2,1,67,0.08,14.95,T,2007
749,7 Wonders of the Ancient World,1,51,0.08,17.95,E,2007
750,Brooktown High,1,51,0.08,16.95,T,2007
751,Crush,1,83,0.08,16.95,E,2007
752,Jackass: The Game,1,58,0.08,17.95,E,2007
753,The Sims 2: Castaway,1,64,0.08,17.95,T,2007
754,Test Drive Unlimited,1,80,0.08,17.95,M,2007
755,Thrillville: Off the Rails,1,72,0.08,16.95,T,2007
756,Victorious Boxers: Revolution,1,59,0.08,24.95,E,2007
757,Bladestorm: The Hundred Years' War,1,63,0.08,34.95,T,2007
758,Looney Tunes: Acme Arsenal,4,40,0.07,17.95,M,2007
759,SEGA Rally Revo,2,75,0.07,16.95,T,2007
760,Death Jr. and the Science Fair of Doom,1,47,0.07,12.95,M,2007
761,Indianapolis 500 Legends,1,51,0.07,16.95,T,2007
762,Worms: Open Warfare 2,1,81,0.07,17.95,E,2007
763,Alien Syndrome,1,51,0.07,12.95,E,2007
764,BlackSite: Area 51,1,56,0.07,17.95,E,2007
765,Code Lyoko: Quest for Infinity,1,58,0.07,17.95,T,2007
766,Super Swing Golf Season 2,1,70,0.07,19.95,M,2007
767,FlatOut: Ultimate Carnage,1,80,0.07,16.95,E,2007
768,Zoids Assault,1,46,0.07,17.95,M,2007
769,Alien Syndrome,4,48,0.06,12.95,E,2007
770,Tetris Evolution,4,52,0.06,17.95,T,2007
771,Heroes of Mana,1,66,0.06,24.95,T,2007
772,Myst,1,43,0.06,24.95,E,2007
773,Coded Arms: Contagion,1,56,0.06,14.95,E,2007
774,King of Clubs,1,35,0.06,14.95,E,2007
775,F.E.A.R. Files,1,66,0.06,17.95,E,2007
776,Ontamarama,1,71,0.05,17.95,M,2007
777,Retro Game Challenge,1,77,0.05,17.95,T,2007
778,Ultimate Mortal Kombat 3,1,73,0.05,23.95,E,2007
779,"Warhammer 40,000: Squad Command",1,57,0.05,17.95,T,2007
780,Juiced 2: Hot Import Nights,1,73,0.05,16.95,E,2007
781,Pursuit Force: Extreme Justice,1,73,0.05,14.95,E,2007
782,Medal of Honor: Vanguard,1,56,0.05,17.95,T,2007
783,World Series of Poker 2008: Battle for the Brac...,1,74,0.05,19.95,E,2007
784,Pro Evolution Soccer 2008,7,74,0.04,17.95,E,2007
785,Worms: Open Warfare 2,4,80,0.04,17.95,T,2007
786,Surf's Up,4,59,0.04,17.95,E,2007
787,Fantastic Four: Rise of the Silver Surfer,4,39,,12.95,E,2007
788,Brothers in Arms DS,1,72,0.04,17.95,E,2007
789,Bubble Bobble Double Shot,1,50,0.04,17.95,E,2007
790,Fantastic Four: Rise of the Silver Surfer,1,35,0.04,14.95,E,2007
791,Zendoku,1,68,0.04,16.95,E,2007
792,Heatseeker,1,49,0.04,12.95,T,2007
793,Manhunt 2,1,69,0.04,7.95,T,2007
794,SWAT: Target Liberty,1,50,0.04,12.95,E,2007
795,Anubis II,1,19,0.04,9.95,M,2007
796,Barnyard,1,65,0.04,17.95,T,2007
797,Escape from Bug Island,1,37,0.04,14.95,T,2007
798,Octomania,1,66,0.04,14.95,M,2007
799,Cabela's Big Game Hunter,1,51,0.04,19.95,E,2007
800,UEFA Champions League 2006-2007,4,72,0.03,6.95,T,2007
801,Aliens Vs Predator: Requiem,2,49,0.03,17.95,T,2007
802,NBA 08,2,75,0.03,7.95,E,2007
803,Guilty Gear XX ? Core,2,75,0.03,24.95,E,2007
804,Arkanoid DS,1,61,0.03,16.95,E,2007
805,Code Lyoko,1,63,0.03,11.95,T,2007
806,Dynasty Warriors DS: Fighter's Battle,1,56,0.03,14.95,T,2007
807,Orcs & Elves,1,68,0.03,14.95,T,2007
808,Prism: Light the Way,1,73,0.03,16.95,T,2007
809,Dead Head Fred,1,75,0.03,12.95,E,2007
810,Hot Pixel,1,55,0.03,8.95,T,2007
811,The Legend of Heroes III: Song of the Ocean,1,58,0.03,17.95,T,2007
812,SEGA Rally Revo,1,74,0.03,16.95,T,2007
813,Bionicle Heroes,1,52,0.03,17.95,T,2007
814,Burnout Dominator,4,76,0.02,17.95,T,2007
815,Samurai Warriors 2: Empires,2,53,0.02,19.95,E,2007
816,Meteos: Disney Magic,1,74,0.02,12.95,T,2007
817,Turn It Around,1,39,0.02,9.95,E,2007
818,Cube,1,60,0.02,17.95,T,2007
819,Dragoneer's Aria,1,56,0.02,24.95,E,2007
820,The Fast and the Furious,1,58,0.02,22.95,M,2007
821,R-Type Command,1,69,0.02,14.95,M,2007
822,Virtua Tennis 3,1,79,0.02,16.95,M,2007
823,Virtua Tennis 3,4,80,0.01,14.95,T,2007
824,Front Mission,1,72,0.01,17.95,E,2007
825,Lost in Blue 2,1,58,0.01,17.95,T,2007
826,Nervous Brickdown,1,70,0.01,17.95,E,2007
827,Sea Monsters: A Prehistoric Adventure,1,43,0.01,13.95,T,2007
828,After Burner: Black Falcon,1,73,0.01,19.95,M,2007
829,Capcom Puzzle World,1,65,0.01,19.95,M,2007
830,Puzzle Quest: Challenge of the Warlords,1,84,0.01,17.95,T,2007
831,Smash Court Tennis 3,1,68,0.01,19.95,T,2007
832,UEFA Champions League 2006-2007,1,71,0.01,14.95,T,2007
833,Driver: Parallel Lines,1,59,0.01,24.95,E,2007
834,Mario Kart Wii,4,82,12.39,29.95,T,2008
835,Grand Theft Auto IV,1,98,5.76,24.95,E,2008
836,Super Smash Bros.: Brawl,6,93,5.71,39.95,T,2008
837,Call of Duty: World at War,4,84,4.58,29.95,E,2008
838,Grand Theft Auto IV,1,98,3.91,24.95,E,2008
839,Gears of War 2,2,93,3.9,24.95,E,2008
840,Pokmon: Platinum Version,1,83,2.86,27.95,T,2008
841,Metal Gear Solid 4: Guns of the Patriots,1,94,2.58,22.95,T,2008
842,Fable II,1,89,2.55,17.95,E,2008
843,Call of Duty: World at War,4,85,2.53,29.95,T,2008
844,Guitar Hero: World Tour,4,86,2.47,17.95,T,2008
845,LittleBigPlanet,4,95,,24.95,T,2008
846,Fallout 3,1,93,2.44,17.95,T,2008
847,LEGO Indiana Jones: The Original Adventures,2,77,2.42,9.95,M,2008
848,Left 4 Dead,2,89,2.39,19.95,M,2008
849,Madden NFL 09,4,83,2.33,14.95,T,2008
850,Guitar Hero: On Tour,1,71,2.22,14.95,M,2008
851,Kung Fu Panda,4,75,2.04,9.95,E,2008
852,Rock Band 2,4,92,1.85,19.95,E,2008
853,Sega Superstars Tennis,4,67,1.84,9.95,E,2008
854,Guitar Hero: World Tour,4,85,1.78,16.95,T,2008
855,Animal Crossing: City Folk,1,73,1.78,29.95,T,2008
856,Mario & Sonic at the Olympic Games,1,70,1.74,24.95,T,2008
857,Madden NFL 09,4,85,1.66,14.95,E,2008
858,LEGO Batman: The Videogame,2,76,1.64,14.95,T,2008
859,Tom Clancy's Rainbow Six: Vegas 2,2,82,1.61,16.95,M,2008
860,Kirby Super Star Ultra,1,76,1.6,24.95,M,2008
861,Star Wars: The Force Unleashed,1,73,1.59,16.95,T,2008
862,God of War: Chains of Olympus,1,91,1.54,17.95,T,2008
863,Fallout 3,1,90,1.48,17.95,M,2008
864,Pure,1,85,1.43,12.95,T,2008
865,LEGO Indiana Jones: The Original Adventures,2,78,1.42,16.95,E,2008
866,Rock Band,2,92,1.4,17.95,T,2008
867,LEGO Batman: The Videogame,1,72,1.39,17.95,T,2008
868,Saints Row 2,1,81,1.39,17.95,E,2008
869,LEGO Batman: The Videogame,2,74,1.32,17.95,E,2008
870,Call of Duty: World at War,2,83,1.17,29.95,M,2008
871,Midnight Club: Los Angeles,1,81,1.15,22.95,E,2008
872,Mortal Kombat vs. DC Universe,2,76,1.13,24.95,E,2008
873,Army of Two,2,72,1.12,16.95,T,2008
874,Resistance 2,2,87,1.11,24.95,E,2008
875,Rock Band 2,1,91,1.11,24.95,E,2008
876,Midnight Club: Los Angeles,1,82,1.09,22.95,M,2008
877,Sonic Unleashed,1,66,1.09,17.95,E,2008
878,NBA 2K9 ,1,84,1.07,12.95,E,2008
879,Guitar Hero: World Tour,4,84,1.04,17.95,E,2008
880,Guitar Hero: Aerosmith,1,73,1.03,14.95,E,2008
881,Star Wars: The Force Unleashed,2,71,1.01,14.95,E,2008
882,Burnout Paradise,1,87,1.01,17.95,T,2008
883,Pokmon Ranger: Shadows of Almia,1,68,0.99,24.95,T,2008
884,Mortal Kombat vs. DC Universe,2,72,0.98,24.95,M,2008
885,Dead Space,1,88,0.96,17.95,M,2008
886,Shaun White Snowboarding: Road Trip,1,78,0.95,14.95,E,2008
887,Star Wars: The Force Unleashed,1,71,0.92,17.95,E,2008
888,Guitar Hero: Aerosmith,2,70,0.91,9.95,E,2008
889,SOCOM: U.S. Navy SEALs - Confrontation,1,63,0.91,16.95,E,2008
890,SoulCalibur IV,,85,0.87,19.95,E,2008
891,Battlefield: Bad Company,1,83,0.83,16.95,E,2008
892,Saints Row 2,1,82,0.81,17.95,M,2008
893,Guitar Hero: On Tour - Decades,1,72,0.8,17.95,T,2008
894,Devil May Cry 4,1,84,0.8,17.95,T,2008
895,Mystery Case Files: MillionHeir,1,65,0.76,17.95,T,2008
896,Battlefield: Bad Company,1,84,,17.95,T,2008
897,Army of Two,2,74,0.75,16.95,T,2008
898,Rayman Raving Rabbids TV Party,4,73,0.74,17.95,T,2008
899,The House of the Dead 2 & 3 Return,2,66,0.74,17.95,M,2008
900,Far Cry 2,1,85,0.73,19.95,T,2008
901,Boom Blox,4,85,0.72,24.95,T,2008
902,Spore Creatures,1,65,0.7,14.95,T,2008
903,Madden NFL 09,4,68,0.68,14.95,T,2008
904,NCAA Football 09,4,83,0.68,14.95,T,2008
905,MLB 08: The Show,2,85,0.67,12.95,E,2008
906,Tom Clancy's Rainbow Six: Vegas 2,2,81,0.67,24.95,E,2008
907,Mercenaries 2: World in Flames,1,72,0.66,14.95,E,2008
908,Need for Speed: Undercover,1,64,0.66,17.95,E,2008
909,Guitar Hero: Aerosmith,2,70,0.65,14.95,M,2008
910,SoulCalibur IV,2,85,0.65,22.95,E,2008
911,Valkyria Chronicles,1,86,0.65,24.95,T,2008
912,Harvest Moon: Tree of Tranquility,1,65,0.62,34.95,M,2008
913,Star Wars: The Clone Wars - Jedi Alliance,1,68,0.6,17.95,T,2008
914,Need for Speed: Undercover,1,59,,17.95,E,2008
915,Wario Land: Shake It!,1,78,0.59,19.95,T,2008
916,NBA 2K9,7,82,0.58,14.95,E,2008
917,Major League Baseball 2K9,1,64,0.58,14.95,E,2008
918,NCAA Football 09,4,81,0.56,14.95,E,2008
919,Kung Fu Panda,1,71,0.56,17.95,E,2008
920,Devil May Cry 4,1,84,0.56,19.95,T,2008
921,Tom Clancy's EndWar,1,77,0.56,16.95,E,2008
922,LEGO Batman: The Videogame,1,73,0.54,17.95,M,2008
923,BioShock,1,94,0.53,17.95,E,2008
924,Bully: Scholarship Edition,1,80,0.53,17.95,T,2008
925,Prince of Persia,1,81,0.53,16.95,T,2008
926,Kung Fu Panda,4,70,0.52,16.95,E,2008
927,Sonic Chronicles: The Dark Brotherhood,1,74,0.52,17.95,E,2008
928,Chrono Trigger,2,92,0.51,17.95,T,2008
929,Tomb Raider: Underworld,1,76,0.51,17.95,E,2008
930,skate it,4,70,0.5,39.95,T,2008
931,The Legendary Starfy,1,75,0.5,24.95,E,2008
932,Mirror's Edge,1,79,0.5,14.95,T,2008
933,Haze,2,55,0.49,12.95,T,2008
934,Dissidia: Final Fantasy,1,79,0.49,17.95,T,2008
935,Sid Meier's Civilization: Revolution,1,84,0.49,24.95,T,2008
936,Wall-E,4,51,0.48,17.95,E,2008
937,Prince of Persia,1,85,0.48,17.95,T,2008
938,NHL 09 ,1,88,0.48,14.95,E,2008
939,Brothers in Arms: Hell's Highway,1,76,0.47,17.95,E,2008
940,Shaun White Snowboarding,1,60,0.47,14.95,T,2008
941,Turok,1,69,0.47,14.95,E,2008
942,Iron Man,1,44,0.46,16.95,E,2008
943,De Blob,4,82,0.45,16.95,M,2008
944,Sonic Riders: Zero Gravity,,56,0.45,16.95,T,2008
945,Rhythm Heaven,1,83,0.45,24.95,T,2008
946,Tomb Raider: Underworld,1,75,0.44,17.95,T,2008
947,Advance Wars: Days of Ruin,4,86,0.43,17.95,E,2008
948,LEGO Batman: The Videogame,2,75,0.43,17.95,E,2008
949,Far Cry 2,1,85,0.43,19.95,T,2008
950,Harvest Moon: Island of Happiness,1,65,0.42,24.95,E,2008
951,Brothers in Arms: Hell's Highway,1,76,0.42,19.95,T,2008
952,Sonic Unleashed,1,54,0.42,17.95,T,2008
953,Pinball Hall of Fame: The Williams Collection,1,82,0.41,17.95,T,2008
954,Sonic Unleashed,1,60,0.41,17.95,E,2008
955,Samba de Amigo,2,68,0.4,12.95,T,2008
956,?kami,1,90,0.39,17.95,M,2008
957,LEGO Indiana Jones: The Original Adventures,2,77,0.38,17.95,E,2008
958,MotorStorm: Pacific Rift,4,82,0.37,29.95,T,2008
959,Tiger Woods PGA Tour 09,4,84,0.37,19.95,E,2008
960,SimCity Creator,1,67,0.37,24.95,E,2008
961,Tiger Woods PGA Tour 09,4,82,0.36,19.95,E,2008
962,Sid Meier's Civilization: Revolution,1,80,0.36,17.95,M,2008
963,Pure,1,83,0.36,17.95,M,2008
964,Turok,1,67,0.36,16.95,M,2008
965,Crash: Mind over Mutant,1,70,0.36,17.95,E,2008
966,Spider-Man: Web of Shadows,1,68,0.36,19.95,E,2008
967,Frontlines: Fuel of War,1,75,0.35,14.95,M,2008
968,GRID,1,87,0.35,19.95,E,2008
969,Too Human,1,65,,14.95,T,2008
970,Speed Racer: The Videogame,2,69,0.34,16.95,M,2008
971,LEGO Indiana Jones: The Original Adventures,1,76,0.34,17.95,E,2008
972,SEGA Bass Fishing,1,59,0.34,17.95,E,2008
973,The Chronicles of Narnia: Prince Caspian,2,63,0.33,16.95,M,2008
974,Iron Man,1,56,0.33,14.95,M,2008
975,The Sims 2: Apartment Pets,1,50,0.33,17.95,M,2008
976,MLB 08: The Show,,83,0.33,14.95,M,2008
977,Iron Man,1,42,0.33,17.95,T,2008
978,Madagascar: Escape 2 Africa,1,55,0.32,17.95,T,2008
979,GRID,1,87,0.31,24.95,T,2008
980,NHL 09,1,88,0.31,19.95,M,2008
981,Banjo-Kazooie: Nuts & Bolts,1,79,0.31,17.95,E,2008
982,Hot Shots Golf: Out of Bounds,4,81,0.3,34.95,T,2008
983,Rune Factory 2: A Fantasy Harvest Moon,1,79,0.3,17.95,T,2008
984,SimCity Creator,1,69,0.3,17.95,M,2008
985,Patapon,1,86,0.3,17.95,T,2008
986,Shaun White Snowboarding,1,63,0.3,15.95,T,2008
987,Iron Man,1,44,0.3,17.95,T,2008
988,Sega Superstars Tennis,1,65,0.29,14.95,T,2008
989,Lost Planet: Extreme Condition,1,67,0.29,16.95,T,2008
990,Mirror's Edge,1,79,0.29,14.95,T,2008
991,The Incredible Hulk,1,46,0.29,16.95,T,2008
992,Condemned 2: Bloodshot,1,80,0.29,14.95,T,2008
993,Sega Superstars Tennis,4,71,0.28,12.95,E,2008
994,Speed Racer: The Videogame,1,75,0.28,17.95,M,2008
995,Viva Pi$?ata: Pocket Paradise,1,82,0.28,17.95,T,2008
996,Tom Clancy's EndWar,1,76,0.28,17.95,M,2008
997,Iron Man,1,45,0.28,17.95,M,2008
998,Need for Speed: Undercover,4,54,0.27,27.95,E,2008
999,Wall-E,4,50,0.27,14.95,E,2008
1000,Spectrobes: Beyond the Portals,1,70,0.27,11.95,M,2008
1001,MX vs. ATV Untamed,1,59,0.27,16.95,T,2008
1002,Mercenaries 2: World in Flames,1,72,0.27,15.95,E,2008
1003,Infinite Undiscovery,1,68,0.27,17.95,T,2008
1004,TNA iMPACT!,4,62,0.26,14.95,M,2008
1005,Enemy Territory: Quake Wars,1,69,0.26,14.95,T,2008
1006,Fire Emblem: Shadow Dragon,1,81,0.25,19.95,M,2008
1007,Neopets Puzzle Adventure,1,70,0.25,17.95,T,2008
1008,Tales of Vesperia,1,79,0.25,27.95,M,2008
1009,SingStar ABBA,8,70,0.24,17.95,T,2008
1010,Dragon Ball Z: Burst Limit,2,72,0.24,17.95,E,2008
1011,Apollo Justice: Ace Attorney,1,78,0.24,24.95,T,2008
1012,Castlevania: Order of Ecclesia,1,85,0.24,24.95,T,2008
1013,Mega Man Star Force 2: Zerker X Ninja,1,55,0.24,17.95,T,2008
1014,Enemy Territory: Quake Wars,1,60,0.24,16.95,T,2008
1015,Namco Museum: Virtual Arcade,1,63,0.24,17.95,T,2008
1016,NASCAR 09,1,69,0.24,19.95,T,2008
1017,Turning Point: Fall of Liberty,1,43,0.24,7.95,M,2008
1018,Summer Athletics 2009,4,56,,19.95,M,2008
1019,Unreal Tournament III,2,82,0.23,14.95,M,2008
1020,Shaun White Snowboarding,1,63,0.23,16.95,T,2008
1021,Dark Sector,1,72,0.23,14.95,T,2008
1022,The Last Remnant,1,66,0.23,14.95,T,2008
1023,Dragon Ball Z: Burst Limit,2,71,0.22,19.95,M,2008
1024,NASCAR 09,1,65,0.22,22.95,E,2008
1025,Turning Point: Fall of Liberty,1,42,0.22,7.95,T,2008
1026,MX vs. ATV Untamed,1,70,0.22,24.95,E,2008
1027,Crash: Mind over Mutant,1,60,0.22,24.95,M,2008
1028,The Incredible Hulk,1,55,0.22,17.95,E,2008
1029,Silent Hill: Homecoming,1,70,0.22,17.95,T,2008
1030,TNA iMPACT!,,64,0.21,12.95,M,2008
1031,The Incredible Hulk,1,55,0.21,16.95,T,2008
1032,Kung Fu Panda,1,76,0.21,19.95,M,2008
1033,Dark Sector,1,72,0.21,13.95,M,2008
1034,Tales of Symphonia: Dawn of the New World,4,68,0.2,24.95,T,2008
1035,Valkyrie Profile: Covenant of the Plume,1,74,0.2,24.95,M,2008
1036,Spider-Man: Web of Shadows,1,67,0.2,24.95,E,2008
1037,TV Show King,4,65,0.19,17.95,T,2008
1038,AC/DC Live: Rock Band - Track Pack,4,63,0.19,14.95,M,2008
1039,The Chronicles of Narnia: Prince Caspian,1,54,0.19,10.95,M,2008
1040,Hot Shots Golf: Open Tee 2,1,82,0.19,14.95,E,2008
1041,AC/DC Live: Rock Band - Track Pack,1,60,0.19,14.95,E,2008
1042,Harvest Moon: Magical Melody,4,69,0.18,23.95,T,2008
1043,Dynasty Warriors 6,2,59,0.18,24.95,M,2008
1044,Order Up!,1,76,0.18,17.95,T,2008
1045,NBA Ballers: Chosen One,4,55,0.17,9.95,T,2008
1046,Age of Empires: Mythologies,1,78,0.17,17.95,T,2008
1047,LocoRoco 2,1,85,0.17,11.95,M,2008
1048,Star Ocean: First Departure,1,74,0.17,17.95,T,2008
1049,Lost: Via Domus,1,54,0.17,16.95,T,2008
1050,Tetris Party,4,75,0.16,24.95,T,2008
1051,Bully: Scholarship Edition,2,83,0.16,17.95,E,2008
1052,The Spiderwick Chronicles,2,62,0.16,16.95,M,2008
1053,Dynasty Warriors 6,2,60,0.16,24.95,M,2008
1054,Facebreaker,2,54,0.16,12.95,M,2008
1055,Ninja Gaiden: Dragon Sword,1,83,,12.95,E,2008
1056,Condemned 2: Bloodshot,1,82,0.16,14.95,T,2008
1057,Silent Hill: Homecoming,1,71,0.16,17.95,E,2008
1058,Command & Conquer: Red Alert 3,1,77,0.16,14.95,T,2008
1059,Viking: Battle for Asgard,1,68,0.16,14.95,M,2008
1060,Beijing 2008,4,60,0.15,14.95,T,2008
1061,Don King Presents: Prizefighter,2,56,0.15,14.95,M,2008
1062,Bomberman,1,73,0.15,12.95,M,2008
1063,Ferrari Challenge Trofeo Pirelli,1,71,,17.95,E,2008
1064,Command & Conquer 3: Kane's Wrath,1,75,0.15,17.95,M,2008
1065,Lost: Via Domus,1,55,0.15,17.95,M,2008
1066,NHL 2K9 ,1,69,0.15,14.95,T,2008
1067,Eternal Sonata,2,80,0.14,24.95,M,2008
1068,Viva Pi$?ata: Trouble in Paradise,2,82,0.14,17.95,T,2008
1069,FlatOut: Head On,1,74,0.14,9.95,E,2008
1070,Viking: Battle for Asgard,1,65,0.14,16.95,M,2008
1071,Neopets Puzzle Adventure,1,52,0.14,14.95,E,2008
1072,TNA iMPACT!,1,43,0.14,14.95,E,2008
1073,Tomb Raider: Underworld,1,70,0.14,17.95,T,2008
1074,The Club,4,76,0.13,14.95,T,2008
1075,The Chronicles of Narnia: Prince Caspian,2,56,0.13,14.95,M,2008
1076,Cabela's Dangerous Hunts 2009,1,42,0.13,19.95,M,2008
1077,Dark Messiah of Might and Magic: Elements,1,52,0.13,17.95,T,2008
1078,Fracture,1,63,0.13,14.95,T,2008
1079,Bomberman Land,4,57,0.12,19.95,T,2008
1080,Nitrobike,4,49,0.12,14.95,E,2008
1081,Culdcept Saga,4,75,0.12,17.95,T,2008
1082,Facebreaker,2,53,0.12,14.95,E,2008
1083,MLB Power Pros 2008,2,83,0.12,22.95,E,2008
1084,Mushroom Men: The Spore Wars,2,72,0.12,17.95,E,2008
1085,Dragon Quest V: Hand of the Heavenly Bride,1,84,0.12,29.95,T,2008
1086,Ninjatown,1,80,0.12,19.95,T,2008
1087,Super Dodgeball Brawlers,1,65,0.12,19.95,T,2008
1088,Dokapon Kingdom,1,72,0.12,17.95,M,2008
1089,Alone in the Dark,1,58,0.12,14.95,M,2008
1090,NBA 09: The Inside,4,63,0.11,14.95,M,2008
1091,Sega Superstars Tennis,4,67,0.11,16.95,M,2008
1092,Baja: Edge of Control,,65,,16.95,T,2008
1093,Destroy All Humans! Big Willy Unleashed,2,53,0.11,17.95,T,2008
1094,Space Invaders Extreme,1,85,0.11,16.95,T,2008
1095,Ultimate Band,1,69,0.11,14.95,E,2008
1096,The Club,4,72,0.1,14.95,M,2008
1097,Madagascar: Escape 2 Africa,4,58,0.1,24.95,M,2008
1098,NBA Ballers: Chosen One,4,54,0.1,14.95,M,2008
1099,Dream Pinball 3D,4,54,0.1,16.95,M,2008
1100,Madagascar: Escape 2 Africa,4,62,0.1,19.95,T,2008
1101,Pro Evolution Soccer 2008,2,83,0.1,17.95,T,2008
1102,Avalon Code,1,71,0.1,27.95,M,2008
1103,Disgaea DS,1,82,0.1,24.95,M,2008
1104,Guitar Rock Tour,1,60,0.1,13.95,T,2008
1105,Lost in Blue 3,1,59,0.1,17.95,M,2008
1106,Syberia,1,52,,23.95,T,2008
1107,Afrika,1,63,0.1,47.95,T,2008
1108,NFL Head Coach 09,1,64,0.1,14.95,T,2008
1109,NHL 2K9,1,70,0.1,14.95,T,2008
1110,Brothers in Arms: Double Time,1,45,0.1,17.95,E,2008
1111,ObsCure: The Aftermath,1,53,0.1,16.95,T,2008
1112,MotoGP 08,1,68,0.1,16.95,T,2008
1113,NFL Head Coach 09,1,67,0.1,12.95,E,2008
1114,NFL Tour,1,49,0.1,12.95,M,2008
1115,Pinball Hall of Fame: The Williams Collection,4,78,0.09,17.95,T,2008
1116,Baja: Edge of Control,4,61,0.09,17.95,M,2008
1117,NFL Tour,4,45,0.09,14.95,E,2008
1118,Wall-E,4,51,0.09,17.95,M,2008
1119,Ninja Reflex,4,49,0.09,14.95,E,2008
1120,Conflict: Denied Ops,4,52,0.09,12.95,T,2008
1121,Top Spin 3,4,78,0.09,19.95,T,2008
1122,Blitz: The League II,2,62,0.09,14.95,M,2008
1123,Hellboy: The Science of Evil,2,47,0.09,16.95,T,2008
1124,Castlevania Judgment,2,49,0.09,17.95,T,2008
1125,Death Jr. II: Root of Evil,2,71,0.09,17.95,E,2008
1126,Raiden IV,2,63,0.09,32.95,T,2008
1127,Metal Slug 7,1,70,0.09,17.95,M,2008
1128,Spider-Man: Web of Shadows,1,77,0.09,15.95,E,2008
1129,Trauma Center: Under The Knife 2,1,79,0.09,19.95,T,2008
1130,Fracture,1,62,0.09,14.95,M,2008
1131,Alone in the Dark,1,39,0.09,14.95,T,2008
1132,Final Fantasy Fables: Chocobo's Dungeon,1,76,0.09,17.95,M,2008
1133,The King of Fighters Collection: The Orochi Saga,1,70,0.09,17.95,E,2008
1134,Klonoa: Door to Phantomile,1,77,0.09,17.95,T,2008
1135,Samurai Warriors: Katana,1,53,0.09,17.95,E,2008
1136,Battle of the Bands,2,58,0.08,14.95,T,2008
1137,Hellboy: The Science of Evil,2,44,0.08,14.95,M,2008
1138,Dragon Ball: Origins,,78,0.08,15.95,M,2008
1139,Ninja Reflex,1,54,0.08,12.95,T,2008
1140,Space Bust-A-Move,1,71,0.08,17.95,M,2008
1141,Top Spin 3,1,75,0.08,24.95,M,2008
1142,UEFA Euro 2008,7,79,0.07,17.95,T,2008
1143,"Blast Works: Build, Trade, Destroy",4,78,0.07,14.95,T,2008
1144,FIFA Street 3,4,63,0.07,14.95,T,2008
1145,Blitz: The League II,2,68,0.07,12.95,M,2008
1146,Space Chimps,2,57,0.07,14.95,T,2008
1147,The Spiderwick Chronicles,2,59,,14.95,E,2008
1148,Etrian Odyssey II: Heroes of Lagaard,1,82,0.07,24.95,T,2008
1149,Line Rider 2: Unbound,1,59,0.07,8.95,M,2008
1150,The King of Fighters Collection: The Orochi Saga,1,61,0.07,17.95,E,2008
1151,Target: Terror,1,33,0.07,17.95,M,2008
1152,Legendary,1,47,0.07,17.95,T,2008
1153,Universe at War: Earth Assault,1,66,0.07,14.95,T,2008
1154,Smash Court Tennis 3,4,55,0.06,14.95,E,2008
1155,Code Lyoko: Fall of X.A.N.A,1,51,0.06,14.95,M,2008
1156,Knights in the Nightmare,1,76,0.06,29.95,M,2008
1157,Lock's Quest,1,80,0.06,14.95,E,2008
1158,Master of the Monster Lair,1,63,0.06,14.95,M,2008
1159,N+,1,82,0.06,14.95,M,2008
1160,Pipe Mania,1,71,0.06,14.95,T,2008
1161,The Spiderwick Chronicles,1,60,0.06,12.95,E,2008
1162,Summon Night: Twin Age,1,73,0.06,24.95,E,2008
1163,Wild Arms XF,1,64,0.06,17.95,M,2008
1164,FIFA Street 3,1,63,0.06,17.95,T,2008
1165,MotoGP 08,1,65,0.06,17.95,T,2008
1166,Harvey Birdman: Attorney at Law,1,60,0.06,14.95,M,2008
1167,Let's Tap,1,70,0.06,17.95,E,2008
1168,NHL 2K9,1,65,0.06,14.95,T,2008
1169,Conflict: Denied Ops,4,51,0.05,17.95,E,2008
1170,Worms: A Space Oddity,4,64,0.05,17.95,M,2008
1171,UEFA Euro 2008,4,80,0.05,14.95,M,2008
1172,Overlord: Raising Hell,2,72,0.05,17.95,T,2008
1173,Battle Fantasia,2,71,,22.95,M,2008
1174,Bangai-O Spirits,1,83,0.05,14.95,M,2008
1175,Dungeon Explorer: Warriors of Ancient Arts,,60,0.05,17.95,M,2008
1176,From the Abyss,1,60,0.05,19.95,T,2008
1177,New International Track & Field,1,73,0.05,14.95,M,2008
1178,Soul Bubbles,1,78,0.05,14.95,T,2008
1179,Tropix!,1,59,0.05,23.95,M,2008
1180,Unsolved Crimes,1,66,0.05,17.95,T,2008
1181,Zubo,1,75,0.05,14.95,E,2008
1182,Ford Racing Off Road,1,47,0.05,12.95,M,2008
1183,Harvey Birdman: Attorney at Law,1,62,0.05,14.95,M,2008
1184,Secret Agent Clank,1,72,0.05,23.95,M,2008
1185,Space Invaders Extreme,1,84,0.05,16.95,M,2008
1186,Armored Core: For Answer,1,62,0.05,29.95,M,2008
1187,Legendary,1,50,,19.95,E,2008
1188,Agatha Christie: Evil Under the Sun,1,46,0.05,17.95,M,2008
1189,Agatha Christie: And Then There Were None,1,50,0.05,17.95,M,2008
1190,Armored Core: For Answer,1,64,0.05,24.95,T,2008
1191,Cradle of Rome,1,63,0.04,17.95,E,2008
1192,The Dark Spire,1,69,0.04,24.95,T,2008
1193,"Flower, Sun and Rain",1,54,0.04,23.95,M,2008
1194,Insecticide,,55,0.04,12.95,T,2008
1195,Izuna 2: The Unemployed Ninja Returns,1,65,0.04,17.95,E,2008
1196,Looney Tunes: Cartoon Conductor,1,67,0.04,13.95,M,2008
1197,Nanostray 2,1,75,0.04,12.95,M,2008
1198,Hellboy: The Science of Evil,1,42,,14.95,E,2008
1199,Pipe Mania,1,74,0.04,12.95,T,2008
1200,UEFA Euro 2008,1,68,0.04,19.95,E,2008
1201,Vampire Rain,1,30,0.04,24.95,E,2008
1202,Baroque,1,50,0.04,19.95,T,2008
1203,Supreme Commander,1,56,0.04,17.95,T,2008
1204,Hail to the Chimp,4,52,0.03,16.95,M,2008
1205,Assassin's Creed: Altar's Chronicles,1,58,0.03,11.95,T,2008
1206,The Legend of Kage 2,1,70,0.03,14.95,E,2008
1207,Rhapsody: A Musical Adventure,1,67,0.03,12.95,M,2008
1208,Secret Files: Tunguska,1,71,0.03,17.95,M,2008
1209,Fading Shadows,1,62,0.03,17.95,E,2008
1210,Hail to the Chimp,,51,0.03,15.95,M,2008
1211,Secret Files: Tunguska,2,64,0.02,17.95,M,2008
1212,Chicken Hunter,1,39,0.02,17.95,T,2008
